{
  "features": [
    "physicians_per_1000",
    "nurses_midwives_per_1000",
    "pharma_workers_per_1000",
    "immunization_dpt",
    "immunization_measles",
    "tb_prevalence",
    "hiv_prevalence",
    "undernourished_pct",
    "crude_birth_rate",
    "log_capex_per_capita",
    "log_gdp_per_capita",
    "sanitation_pct",
    "agriculture_pct_gdp",
    "temp_c",
    "precip_mm",
    "year"
  ],
  "mean": [
    0.704063,
    2.088122,
    0.208709,
    91.160204,
    86.99898,
    393.820408,
    0.690612,
    13.396939,
    19.12602,
    2.125699,
    8.143952,
    72.872395,
    15.174612,
    26.430931,
    1903.543163,
    2008.632653
  ],
  "std": [
    0.506535,
    1.902664,
    0.191807,
    9.084083,
    12.277299,
    638.142665,
    0.310143,
    8.336721,
    5.899992,
    1.333592,
    1.551358,
    20.8175,
    11.857687,
    1.507307,
    864.790705,
    2.908883
  ],
  "coef": [
    0.237312,
    0.0,
    0.402515,
    0.0,
    0.0,
    -0.0,
    -0.52922,
    -0.0,
    -1.896368,
    0.485387,
    1.812787,
    0.66046,
    -1.498717,
    -0.550273,
    -0.613598,
    -0.21953
  ],
  "intercept": 71.558163,
  "note": "sign-constrained standardized linear surrogate of the reference GBM",
  "in_sample_r2": 0.974
}